annee;risque;poste_depenses;montant_depenses
2015;Accidents de trajet;Frais de santé (frais médicaux, pharmacie, hospitalisation);123156675
2015;Accidents de trajet;Indemnités en capital, rentes, capital décès;354465828
2015;Accidents de trajet;Indemnités journalières;283865550
2015;Accidents de trajet;Tous postes de dépense confondus;761488053
2015;Accidents du travail;Frais de santé (frais médicaux, pharmacie, hospitalisation);493383039
2015;Accidents du travail;Indemnités en capital, rentes, capital décès;1141478870
2015;Accidents du travail;Indemnités journalières;1906844264
2015;Accidents du travail;Tous postes de dépense confondus;3541706173
2015;Maladies professionnelles;Frais de santé (frais médicaux, pharmacie, hospitalisation);77608131
2015;Maladies professionnelles;Indemnités en capital, rentes, capital décès;1644895589
2015;Maladies professionnelles;Indemnités journalières;537237951
2015;Maladies professionnelles;Tous postes de dépense confondus;2259741671
2015;Tous risques confondus;Frais de santé (frais médicaux, pharmacie, hospitalisation);694147845
2015;Tous risques confondus;Indemnités en capital, rentes, capital décès;3140840287
2015;Tous risques confondus;Indemnités journalières;2727947765
2015;Tous risques confondus;Tous postes de dépense confondus;6562935897
2016;Accidents de trajet;Frais de santé (frais médicaux, pharmacie, hospitalisation);123598818
2016;Accidents de trajet;Indemnités en capital, rentes, capital décès;323090559
2016;Accidents de trajet;Indemnités journalières;294317216
2016;Accidents de trajet;Tous postes de dépense confondus;741006593
2016;Accidents du travail;Frais de santé (frais médicaux, pharmacie, hospitalisation);505229559
2016;Accidents du travail;Indemnités en capital, rentes, capital décès;1077430688
2016;Accidents du travail;Indemnités journalières;1986596212
2016;Accidents du travail;Tous postes de dépense confondus;3569256459
2016;Maladies professionnelles;Frais de santé (frais médicaux, pharmacie, hospitalisation);79269303
2016;Maladies professionnelles;Indemnités en capital, rentes, capital décès;1576108276
2016;Maladies professionnelles;Indemnités journalières;550126227
2016;Maladies professionnelles;Tous postes de dépense confondus;2205503806
2016;Tous risques confondus;Frais de santé (frais médicaux, pharmacie, hospitalisation);708097680
2016;Tous risques confondus;Indemnités en capital, rentes, capital décès;2976629523
2016;Tous risques confondus;Indemnités journalières;2831039655
2016;Tous risques confondus;Tous postes de dépense confondus;6515766858
2017;Accidents de trajet;Frais de santé (frais médicaux, pharmacie, hospitalisation);119436915
2017;Accidents de trajet;Indemnités en capital, rentes, capital décès;371212854
2017;Accidents de trajet;Indemnités journalières;311279329
2017;Accidents de trajet;Tous postes de dépense confondus;801929098
2017;Accidents du travail;Frais de santé (frais médicaux, pharmacie, hospitalisation);507382784
2017;Accidents du travail;Indemnités en capital, rentes, capital décès;1239479215
2017;Accidents du travail;Indemnités journalières;2048304719
2017;Accidents du travail;Tous postes de dépense confondus;3795166718
2017;Maladies professionnelles;Frais de santé (frais médicaux, pharmacie, hospitalisation);75610466
2017;Maladies professionnelles;Indemnités en capital, rentes, capital décès;1885168181
2017;Maladies professionnelles;Indemnités journalières;574678430
2017;Maladies professionnelles;Tous postes de dépense confondus;2535457077
2017;Tous risques confondus;Frais de santé (frais médicaux, pharmacie, hospitalisation);702430165
2017;Tous risques confondus;Indemnités en capital, rentes, capital décès;3495860250
2017;Tous risques confondus;Indemnités journalières;2934262478
2017;Tous risques confondus;Tous postes de dépense confondus;7132552893
2018;Accidents de trajet;Frais de santé (frais médicaux, pharmacie, hospitalisation);115045928
2018;Accidents de trajet;Indemnités en capital, rentes, capital décès;396878939
2018;Accidents de trajet;Indemnités journalières;334570025
2018;Accidents de trajet;Tous postes de dépense confondus;846494892
2018;Accidents du travail;Frais de santé (frais médicaux, pharmacie, hospitalisation);482449271
2018;Accidents du travail;Indemnités en capital, rentes, capital décès;1283608955
2018;Accidents du travail;Indemnités journalières;2171839289
2018;Accidents du travail;Tous postes de dépense confondus;3937897515
2018;Maladies professionnelles;Frais de santé (frais médicaux, pharmacie, hospitalisation);71499539
2018;Maladies professionnelles;Indemnités en capital, rentes, capital décès;1908838978
2018;Maladies professionnelles;Indemnités journalières;626600470
2018;Maladies professionnelles;Tous postes de dépense confondus;2606938987
2018;Tous risques confondus;Frais de santé (frais médicaux, pharmacie, hospitalisation);668994738
2018;Tous risques confondus;Indemnités en capital, rentes, capital décès;3589326872
2018;Tous risques confondus;Indemnités journalières;3133009784
2018;Tous risques confondus;Tous postes de dépense confondus;7391331394
2019;Accidents de trajet;Frais de santé (frais médicaux, pharmacie, hospitalisation);110939043
2019;Accidents de trajet;Indemnités en capital, rentes, capital décès;403898110
2019;Accidents de trajet;Indemnités journalières;357619169
2019;Accidents de trajet;Tous postes de dépense confondus;872456322
2019;Accidents du travail;Frais de santé (frais médicaux, pharmacie, hospitalisation);497596477
2019;Accidents du travail;Indemnités en capital, rentes, capital décès;1450390115
2019;Accidents du travail;Indemnités journalières;2324552415
2019;Accidents du travail;Tous postes de dépense confondus;4272539007
2019;Maladies professionnelles;Frais de santé (frais médicaux, pharmacie, hospitalisation);66814094
2019;Maladies professionnelles;Indemnités en capital, rentes, capital décès;1840166727
2019;Maladies professionnelles;Indemnités journalières;709566159
2019;Maladies professionnelles;Tous postes de dépense confondus;2616546980
2019;Tous risques confondus;Frais de santé (frais médicaux, pharmacie, hospitalisation);675349614
2019;Tous risques confondus;Indemnités en capital, rentes, capital décès;3694454952
2019;Tous risques confondus;Indemnités journalières;3391737743
2019;Tous risques confondus;Tous postes de dépense confondus;7761542309
2020;Accidents de trajet;Frais de santé (frais médicaux, pharmacie, hospitalisation);84658355
2020;Accidents de trajet;Indemnités en capital, rentes, capital décès;328699935
2020;Accidents de trajet;Indemnités journalières;360879947
2020;Accidents de trajet;Tous postes de dépense confondus;774238237
2020;Accidents du travail;Frais de santé (frais médicaux, pharmacie, hospitalisation);385927823
2020;Accidents du travail;Indemnités en capital, rentes, capital décès;1136345945
2020;Accidents du travail;Indemnités journalières;2373128217
2020;Accidents du travail;Tous postes de dépense confondus;3895401985
2020;Maladies professionnelles;Frais de santé (frais médicaux, pharmacie, hospitalisation);53980850
2020;Maladies professionnelles;Indemnités en capital, rentes, capital décès;1608205118
2020;Maladies professionnelles;Indemnités journalières;728754808
2020;Maladies professionnelles;Tous postes de dépense confondus;2390940776
2020;Tous risques confondus;Frais de santé (frais médicaux, pharmacie, hospitalisation);524567028
2020;Tous risques confondus;Indemnités en capital, rentes, capital décès;3073250998
2020;Tous risques confondus;Indemnités journalières;3462762972
2020;Tous risques confondus;Tous postes de dépense confondus;7060580998
2021;Accidents de trajet;Frais de santé (frais médicaux, pharmacie, hospitalisation);87878842
2021;Accidents de trajet;Indemnités en capital, rentes, capital décès;412381938
2021;Accidents de trajet;Indemnités journalières;368020295
2021;Accidents de trajet;Tous postes de dépense confondus;868281075
2021;Accidents du travail;Frais de santé (frais médicaux, pharmacie, hospitalisation);436949492
2021;Accidents du travail;Indemnités en capital, rentes, capital décès;1525108546
2021;Accidents du travail;Indemnités journalières;2534554043
2021;Accidents du travail;Tous postes de dépense confondus;4496612081
2021;Maladies professionnelles;Frais de santé (frais médicaux, pharmacie, hospitalisation);60193045
2021;Maladies professionnelles;Indemnités en capital, rentes, capital décès;1897540254
2021;Maladies professionnelles;Indemnités journalières;846237472
2021;Maladies professionnelles;Tous postes de dépense confondus;2803970771
2021;Tous risques confondus;Frais de santé (frais médicaux, pharmacie, hospitalisation);585021379
2021;Tous risques confondus;Indemnités en capital, rentes, capital décès;3835030738
2021;Tous risques confondus;Indemnités journalières;3748811810
2021;Tous risques confondus;Tous postes de dépense confondus;8168863927
2022;Accidents de trajet;Frais de santé (frais médicaux, pharmacie, hospitalisation);92567247
2022;Accidents de trajet;Indemnités en capital, rentes, capital décès;422279141
2022;Accidents de trajet;Indemnités journalières;405660230
2022;Accidents de trajet;Tous postes de dépense confondus;920506618
2022;Accidents du travail;Frais de santé (frais médicaux, pharmacie, hospitalisation);421714514
2022;Accidents du travail;Indemnités en capital, rentes, capital décès;1552001766
2022;Accidents du travail;Indemnités journalières;2689297814
2022;Accidents du travail;Tous postes de dépense confondus;4663014094
2022;Maladies professionnelles;Frais de santé (frais médicaux, pharmacie, hospitalisation);61175605
2022;Maladies professionnelles;Indemnités en capital, rentes, capital décès;1842896119
2022;Maladies professionnelles;Indemnités journalières;893750883
2022;Maladies professionnelles;Tous postes de dépense confondus;2797822607
2022;Tous risques confondus;Frais de santé (frais médicaux, pharmacie, hospitalisation);575457366
2022;Tous risques confondus;Indemnités en capital, rentes, capital décès;3817177026
2022;Tous risques confondus;Indemnités journalières;3988708927
2022;Tous risques confondus;Tous postes de dépense confondus;8381343319
2023;Accidents de trajet;Frais de santé (frais médicaux, pharmacie, hospitalisation);152803864
2023;Accidents de trajet;Indemnités en capital, rentes, capital décès;458975561
2023;Accidents de trajet;Indemnités journalières;455401080
2023;Accidents de trajet;Tous postes de dépense confondus;1067180505
2023;Accidents du travail;Frais de santé (frais médicaux, pharmacie, hospitalisation);557432156
2023;Accidents du travail;Indemnités en capital, rentes, capital décès;1654964440
2023;Accidents du travail;Indemnités journalières;2896514491
2023;Accidents du travail;Tous postes de dépense confondus;5108911087
2023;Maladies professionnelles;Frais de santé (frais médicaux, pharmacie, hospitalisation);73202015
2023;Maladies professionnelles;Indemnités en capital, rentes, capital décès;1766697886
2023;Maladies professionnelles;Indemnités journalières;984602857
2023;Maladies professionnelles;Tous postes de dépense confondus;2824502758
2023;Tous risques confondus;Frais de santé (frais médicaux, pharmacie, hospitalisation);783438035
2023;Tous risques confondus;Indemnités en capital, rentes, capital décès;3880637888
2023;Tous risques confondus;Indemnités journalières;4336518428
2023;Tous risques confondus;Tous postes de dépense confondus;9000594351
2024;Accidents de trajet;Frais de santé (frais médicaux, pharmacie, hospitalisation);150551209
2024;Accidents de trajet;Indemnités en capital, rentes, capital décès;475895207
2024;Accidents de trajet;Indemnités journalières;505467873
2024;Accidents de trajet;Tous postes de dépense confondus;1131914289
2024;Accidents du travail;Frais de santé (frais médicaux, pharmacie, hospitalisation);556152038
2024;Accidents du travail;Indemnités en capital, rentes, capital décès;1837135287
2024;Accidents du travail;Indemnités journalières;3213027032
2024;Accidents du travail;Tous postes de dépense confondus;5606314357
2024;Maladies professionnelles;Frais de santé (frais médicaux, pharmacie, hospitalisation);78578906
2024;Maladies professionnelles;Indemnités en capital, rentes, capital décès;2073170156
2024;Maladies professionnelles;Indemnités journalières;1077438175
2024;Maladies professionnelles;Tous postes de dépense confondus;3229187237
2024;Tous risques confondus;Frais de santé (frais médicaux, pharmacie, hospitalisation);785282153
2024;Tous risques confondus;Indemnités en capital, rentes, capital décès;4386200650
2024;Tous risques confondus;Indemnités journalières;4795933080
2024;Tous risques confondus;Tous postes de dépense confondus;9967415883
